                   100%Q,mean(ms),P50(ms),P99(ms),p99.9(ms),#Samples
QCT1,0.0376542  0.044935    0.090388    0.091279    1760105,,,,
QCT2,0.0489372  0.044953    0.090606    0.091422    1354230,,,,
QCT3,0.0447087  0.045008    0.046186    0.063825    123448,,,,
RCT,0.38646 0.38588 0.844293    1.01548 7295875,,,,
WCT,NA  NA  NA  NA  NA,,,,
